Criteria (Highlights),Brand,Product Type,Gift For,For Whom
Sale,ARMANI,Perfume,-,?
Sale,ARMANI,Eau de Toilette,-,?
Sale,ARMANI,Eau de Parfum,-,?
Sale,ARMANI,Eau de Toilette,-,?
Sale,ARMANI,Eau de Toilette,-,?
New,ABERCROMBIE & FITCH,fragrance set,-,?
Sale,4711 ACQUA COLONIA,Eau de Cologne,-,?
Sale,ALYSSA ASHLEY,Eau de Parfum,-,?
Limited,AZZARO,Eau de Toilette,-,?
Sale,ALYSSA ASHLEY,Eau de Parfum,-,?
Sale,ALYSSA ASHLEY,Eau de Parfum,-,?
Sale,ALYSSA ASHLEY,Eau de Parfum,-,?
New,ARMANI,fragrance set,-,?
New,AZZARO,fragrance set,-,?
Sale,ALYSSA ASHLEY,Eau de Parfum,-,?
New,ANNAYAKE,fragrance set,-,?
New,ANNAYAKE,fragrance set,-,?
New,ARIANA GRANDE,Eau de Parfum,-,?
New,ARMANI,fragrance set,-,?
Sale,ARMANI,fragrance set,-,?
New,ARMANI,fragrance set,-,?
Sale,ARMANI,fragrance set,-,?
New,ARMANI,fragrance set,-,?
Sale,ARMANI,fragrance set,-,?
New,ARMANI,fragrance set,-,?
Sale,ARMANI,fragrance set,-,?
New,ARMANI,fragrance set,-,?
Sale,ARMANI,fragrance set,-,?
New,ARMANI,fragrance set,-,?
Sale,ARMANI,fragrance set,-,?
New,ARMANI,fragrance set,-,?
Sale,ARMANI,fragrance set,-,?
New,ARMANI,fragrance set,-,?
Sale,ARMANI,fragrance set,-,?
New,ARMANI,fragrance set,-,?
New,ARMANI,fragrance set,-,?
New,ARMANI,fragrance set,-,?
Sale,ARMANI,fragrance set,-,?
Sale,ETHER,Eau de Parfum,-,?
